{
    "name": "Complex Path",
    "total_duration": 14.800000190734863,
    "num_points": 100,
    "segment_definitions": [
        {
            "id": 1,
            "type": "Circular",
            "plane": "XY",
            "cx": 0.0,
            "cy": 0.0,
            "cz": 1.0,
            "r": 2.0,
            "speed": 1.0,
            "n": 100
        }
    ],
    "waypoints": [
        [
            2.0,
            0.0,
            1.0,
            0.0,
            2.23606797749979
        ],
        [
            1.9959733529437689,
            0.126847839313129,
            1.0,
            0.0,
            2.3629797114920605
        ],
        [
            1.9839096256615907,
            0.25318490714749853,
            1.0,
            0.0,
            2.4898914454843313
        ],
        [
            1.9638573945254134,
            0.3785024887208204,
            1.0,
            0.0,
            2.616803179476602
        ],
        [
            1.9358974027927125,
            0.5022959743621584,
            1.0,
            0.0,
            2.7437149134688728
        ],
        [
            1.9001422354818909,
            0.6240668913969742,
            1.0,
            0.0,
            2.8706266474611435
        ],
        [
            1.8567358660321454,
            0.743324911320655,
            1.0,
            0.0,
            2.9975383814534142
        ],
        [
            1.8058530765732426,
            0.8595898241783432,
            1.0,
            0.0,
            3.124450115445685
        ],
        [
            1.7476987541395699,
            0.9723934722009374,
            1.0,
            0.0,
            3.2513618494379557
        ],
        [
            1.6825070656623624,
            1.081281634911195,
            1.0,
            0.0,
            3.378273583430226
        ],
        [
            1.6105405150621173,
            1.1858158581092808,
            1.0,
            0.0,
            3.5051853174224967
        ],
        [
            1.532088886237956,
            1.2855752193730785,
            1.0,
            0.0,
            3.6320970514147675
        ],
        [
            1.4474680762101404,
            1.3801580229642239,
            1.0,
            0.0,
            3.759008785407038
        ],
        [
            1.3570188231142644,
            1.4691834173150666,
            1.0,
            0.0,
            3.885920519399309
        ],
        [
            1.261105334169045,
            1.5522929285835136,
            1.0,
            0.0,
            4.012832253391579
        ],
        [
            1.1601138191423963,
            1.6291519041006715,
            1.0,
            0.0,
            4.1397439873838495
        ],
        [
            1.0544509352210047,
            1.6994508598990288,
            1.0,
            0.0,
            4.26665572137612
        ],
        [
            0.9445421495453654,
            1.7629067268951641,
            1.0,
            0.0,
            4.39356745536839
        ],
        [
            0.8308300260037729,
            1.8192639907090367,
            1.0,
            0.0,
            4.52047918936066
        ],
        [
            0.7137724431837438,
            1.8682957205302133,
            1.0,
            0.0,
            4.647390923352931
        ],
        [
            0.5938407506565498,
            1.9098044828881477,
            1.0,
            0.0,
            4.774302657345201
        ],
        [
            0.47151787101885456,
            1.9436231366470833,
            1.0,
            0.0,
            4.901214391337471
        ],
        [
            0.34729635533386083,
            1.969615506024416,
            1.0,
            0.0,
            5.028126125329742
        ],
        [
            0.2216763998020222,
            1.9876769289225082,
            1.0,
            0.0,
            5.155037859322012
        ],
        [
            0.0951638316474848,
            1.997734678366016,
            1.0,
            0.0,
            5.281949593314282
        ],
        [
            -0.03173192766961606,
            1.9997482553477501,
            1.0,
            0.0,
            5.408861327306553
        ],
        [
            -0.15849991371357708,
            1.9937095519038848,
            1.0,
            0.0,
            5.535773061298824
        ],
        [
            -0.28462967654657,
            1.9796428837618656,
            1.0,
            0.0,
            5.662684795291094
        ],
        [
            -0.40961333613038103,
            1.9576048924295575,
            1.0,
            0.0,
            5.789596529283364
        ],
        [
            -0.5329476273800696,
            1.9276843171198843,
            1.0,
            0.0,
            5.9165082632756345
        ],
        [
            -0.6541359266348433,
            1.890001637429337,
            1.0,
            0.0,
            6.043419997267906
        ],
        [
            -0.7726902513862574,
            1.8447085882091627,
            1.0,
            0.0,
            6.170331731260176
        ],
        [
            -0.8881332252115482,
            1.7919875485826717,
            1.0,
            0.0,
            6.297243465252446
        ],
        [
            -0.9999999999999996,
            1.7320508075688774,
            1.0,
            0.0,
            6.424155199244717
        ],
        [
            -1.1078401277322205,
            1.6651397092695428,
            1.0,
            0.0,
            6.551066933236988
        ],
        [
            -1.211219374275333,
            1.5915236810616646,
            1.0,
            0.0,
            6.677978667229258
        ],
        [
            -1.30972146789057,
            1.5114991487085165,
            1.0,
            0.0,
            6.804890401221529
        ],
        [
            -1.4029497754126428,
            1.4253883427577254,
            1.0,
            0.0,
            6.9318021352138
        ],
        [
            -1.4905288993515093,
            1.3335380010325832,
            1.0,
            0.0,
            7.058713869206071
        ],
        [
            -1.5721061894855746,
            1.236317972441211,
            1.0,
            0.0,
            7.185625603198341
        ],
        [
            -1.6473531628596654,
            1.1341197277255417,
            1.0,
            0.0,
            7.312537337190612
        ],
        [
            -1.7159668264699541,
            1.0273547831468126,
            1.0,
            0.0,
            7.439449071182883
        ],
        [
            -1.7776708973098467,
            0.916453043454821,
            1.0,
            0.0,
            7.566360805175154
        ],
        [
            -1.8322169148641392,
            0.8018610708132272,
            1.0,
            0.0,
            7.693272539167425
        ],
        [
            -1.8793852415718166,
            0.6840402866513378,
            1.0,
            0.0,
            7.820184273159695
        ],
        [
            -1.9189859472289945,
            0.5634651136828601,
            1.0,
            0.0,
            7.947096007151965
        ],
        [
            -1.950859573770814,
            0.4406210655730816,
            1.0,
            0.0,
            8.074007741144236
        ],
        [
            -1.9748777773527886,
            0.3160027919466998,
            1.0,
            0.0,
            8.200919475136507
        ],
        [
            -1.9909438451461692,
            0.19011208660836576,
            1.0,
            0.0,
            8.327831209128776
        ],
        [
            -1.9989930847663702,
            0.06345586699613531,
            1.0,
            0.0,
            8.454742943121047
        ],
        [
            -1.9989930847663702,
            -0.06345586699613572,
            1.0,
            0.0,
            8.581654677113319
        ],
        [
