{
    "name": "Expanding Circles",
    "total_duration": 4.730000019073486,
    "num_points": 75,
    "start_state": {
        "x": 0.0,
        "y": 0.0,
        "z": 1.0,
        "yaw": 0.0
    },
    "segment_definitions": [
        {
            "id": 4,
            "type": "Circular",
            "plane": "XZ",
            "cx": 0.0,
            "cy": 0.0,
            "cz": 1.0,
            "r": 0.20000000298023224,
            "speed": 1.0000001192092896,
            "n": 15
        },
        {
            "id": 5,
            "type": "Circular",
            "speed": 1.500000238418579,
            "n": 15,
            "plane": "XZ",
            "cx": 0.0,
            "cy": 0.0,
            "cz": 1.0,
            "r": 0.25
        },
        {
            "id": 6,
            "type": "Circular",
            "speed": 2.000000238418579,
            "n": 15,
            "plane": "XZ",
            "cx": 0.0,
            "cy": 0.0,
            "cz": 1.0,
            "r": 0.30000001192092896
        },
        {
            "id": 7,
            "type": "Circular",
            "plane": "XZ",
            "cx": -0.20000000298023224,
            "cy": 0.0,
            "cz": 1.0,
            "r": 0.5,
            "speed": 2.5,
            "n": 30
        }
    ],
    "waypoints": [
        [
            0.20000000298023224,
            0.0,
            1.0,
            0.0,
            0.1999999791383768
        ],
        [
            0.1801937762655803,
            0.0,
            1.0867767491165858,
            0.0,
            0.28900834343660675
        ],
        [
            0.12469796222989113,
            0.0,
            1.1563662988236454,
            0.0,
            0.37801670773483687
        ],
        [
            0.04450418745442695,
            0.0,
            1.1949855853418763,
            0.0,
            0.46702507203306687
        ],
        [
            -0.04450418745442693,
            0.0,
            1.1949855853418763,
            0.0,
            0.5560334363312969
        ],
        [
            -0.1246979622298911,
            0.0,
            1.1563662988236454,
            0.0,
            0.6450418006295269
        ],
        [
            -0.18019377626558028,
            0.0,
            1.086776749116586,
            0.0,
            0.7340501649277569
        ],
        [
            -0.20000000298023224,
            0.0,
            1.0,
            0.0,
            0.823058529225987
        ],
        [
            -0.1801937762655803,
            0.0,
            0.913223250883414,
            0.0,
            0.912066893524217
        ],
        [
            -0.12469796222989114,
            0.0,
            0.8436337011763546,
            0.0,
            1.001075257822447
        ],
        [
            -0.044504187454426976,
            0.0,
            0.8050144146581237,
            0.0,
            1.090083622120677
        ],
        [
            0.044504187454426906,
            0.0,
            0.8050144146581237,
            0.0,
            1.1790919864189071
        ],
        [
            0.12469796222989109,
            0.0,
            0.8436337011763546,
            0.0,
            1.2681003507171371
        ],
        [
            0.18019377626558028,
            0.0,
            0.913223250883414,
            0.0,
            1.3571087150153671
        ],
        [
            0.20000000298023224,
            0.0,
            1.0,
            0.0,
            1.4461170793135971
        ],
        [
            0.25,
            0.0,
            1.0,
            0.0,
            1.4794504053619195
        ],
        [
            0.2252422169756048,
            0.0,
            1.1084709347793895,
            0.0,
            1.5536240382244428
        ],
        [
            0.1558724504646834,
            0.0,
            1.1954578706170074,
            0.0,
            1.6277976710869662
        ],
        [
            0.05563023348907861,
            0.0,
            1.2437319780454559,
            0.0,
            1.7019713039494895
        ],
        [
            -0.055630233489078584,
            0.0,
            1.2437319780454559,
            0.0,
            1.7761449368120128
        ],
        [
            -0.15587245046468337,
            0.0,
            1.1954578706170076,
            0.0,
            1.8503185696745361
        ],
        [
            -0.22524221697560476,
            0.0,
            1.1084709347793895,
            0.0,
            1.9244922025370597
        ],
        [
            -0.25,
            0.0,
            1.0,
            0.0,
            1.998665835399583
        ],
        [
            -0.2252422169756048,
            0.0,
            0.8915290652206105,
            0.0,
            2.0728394682621065
        ],
        [
            -0.15587245046468343,
            0.0,
            0.8045421293829926,
            0.0,
            2.14701310112463
        ],
        [
            -0.05563023348907865,
            0.0,
            0.7562680219545441,
            0.0,
            2.221186733987153
        ],
        [
            0.05563023348907856,
            0.0,
            0.7562680219545441,
            0.0,
            2.2953603668496765
        ],
        [
            0.15587245046468334,
            0.0,
            0.8045421293829925,
            0.0,
            2.3695339997122
        ],
        [
            0.22524221697560476,
            0.0,
            0.8915290652206104,
            0.0,
            2.443707632574723
        ],
        [
            0.25,
            0.0,
            0.9999999999999999,
            0.0,
            2.5178812654372464
        ],
        [
            0.30000001192092896,
            0.0,
            1.0,
            0.0,
            2.5428812684174784
        ],
        [
            0.2702906711111116,
            0.0,
            1.1301651269075648,
            0.0,
            2.609637543299061
        ],
        [
            0.18704694799019772,
            0.0,
            1.2345494540605664,
            0.0,
            2.6763938181806433
        ],
        [
            0.06675628283955058,
            0.0,
            1.2924783852765935,
            0.0,
            2.743150093062226
        ],
        [
            -0.06675628283955054,
            0.0,
            1.2924783852765935,
            0.0,
            2.8099063679438085
        ],
        [
            -0.18704694799019767,
            0.0,
            1.2345494540605666,
            0.0,
            2.876662642825391
        ],
        [
            -0.2702906711111116,
            0.0,
            1.1301651269075648,
            0.0,
            2.943418917706974
        ],
        [
            -0.30000001192092896,
            0.0,
            1.0,
            0.0,
            3.0101751925885565
        ],
        [
            -0.2702906711111116,
            0.0,
            0.8698348730924353,
            0.0,
            3.076931467470139
        ],
        [
            -0.18704694799019775,
            0.0,
            0.7654505459394335,
            0.0,
            3.1436877423517218
        ],
        [
            -0.06675628283955062,
            0.0,
            0.7075216147234065,
            0.0,
            3.2104440172333044
        ],
        [
            0.06675628283955051,
            0.0,
            0.7075216147234065,
            0.0,
            3.277200292114887
        ],
        [
            0.18704694799019764,
            0.0,
            0.7654505459394334,
            0.0,
            3.3439565669964697
        ],
        [
            0.2702906711111116,
            0.0,
            0.8698348730924352,
            0.0,
            3.4107128418780523
        ],
        [
            0.30000001192092896,
            0.0,
            0.9999999999999999,
            0.0,
            3.477469116759635
        ],
        [
            0.29999999701976776,
            0.0,
