{
    "name": "Expanding Circles",
    "total_duration": 3.490000009536743,
    "num_points": 70,
    "start_state": {
        "x": 0.0,
        "y": 0.0,
        "z": 1.0,
        "yaw": 0.0
    },
    "segment_definitions": [
        {
            "id": 4,
            "type": "Circular",
            "plane": "XZ",
            "cx": 0.0,
            "cy": 0.0,
            "cz": 1.0,
            "r": 0.20000000298023224,
            "speed": 1.0000001192092896,
            "n": 30
        },
        {
            "id": 5,
            "type": "Circular",
            "speed": 1.500000238418579,
            "n": 20,
            "plane": "XZ",
            "cx": 0.0,
            "cy": 0.0,
            "cz": 1.0,
            "r": 0.25
        },
        {
            "id": 6,
            "type": "Circular",
            "speed": 2.000000238418579,
            "n": 20,
            "plane": "XZ",
            "cx": 0.0,
            "cy": 0.0,
            "cz": 1.0,
            "r": 0.30000001192092896
        }
    ],
    "waypoints": [
        [
            0.20000000298023224,
            0.0,
            1.0,
            0.0,
            0.1999999791383768
        ],
        [
            0.19532411405257338,
            0.0,
            1.0429940886828666,
            0.0,
            0.243247581996877
        ],
        [
            0.18151508663897692,
            0.0,
            1.08397782156342,
            0.0,
            0.2864951848553773
        ],
        [
            0.15921861551367097,
            0.0,
            1.1210348448423126,
            0.0,
            0.32974278771387744
        ],
        [
            0.129477258885727,
            0.0,
            1.1524324132969472,
            0.0,
            0.3729903905723778
        ],
        [
            0.09368168953592397,
            0.0,
            1.1767024115222757,
            0.0,
            0.4162379934308781
        ],
        [
            0.05350566850314077,
            0.0,
            1.1927100013754472,
            0.0,
            0.45948559628937824
        ],
        [
            0.010827781878430042,
            0.0,
            1.1997066857460863,
            0.0,
            0.5027331991478785
        ],
        [
            -0.03235639979270087,
            0.0,
            1.1973653074492774,
            0.0,
            0.5459808020063788
        ],
        [
            -0.07402763217108055,
            0.0,
            1.1857953467319247,
            0.0,
            0.589228404864879
        ],
        [
            -0.11223741474494424,
            0.0,
            1.1655378020980836,
            0.0,
            0.6324760077233793
        ],
        [
            -0.14519910054826127,
            0.0,
            1.1375398938201888,
            0.0,
            0.6757236105818795
        ],
        [
            -0.1713714377871512,
            0.0,
            1.1031107729718745,
            0.0,
            0.7189712134403798
        ],
        [
            -0.189530637060787,
            0.0,
            1.0638603069787889,
            0.0,
            0.7622188162988799
        ],
        [
            -0.1988275943936339,
            0.0,
            1.0216238040070083,
            0.0,
            0.8054664191573802
        ],
        [
            -0.1988275943936339,
            0.0,
            0.9783761959929919,
            0.0,
            0.8487140220158805
        ],
        [
            -0.18953063706078702,
            0.0,
            0.9361396930212112,
            0.0,
            0.8919616248743808
        ],
        [
            -0.17137143778715125,
            0.0,
            0.8968892270281255,
            0.0,
            0.935209227732881
        ],
        [
            -0.14519910054826132,
            0.0,
            0.8624601061798112,
            0.0,
            0.9784568305913813
        ],
        [
            -0.11223741474494428,
            0.0,
            0.8344621979019164,
            0.0,
            1.0217044334498815
        ],
        [
            -0.07402763217108055,
            0.0,
            0.8142046532680753,
            0.0,
            1.0649520363083818
        ],
        [
            -0.03235639979270087,
            0.0,
            0.8026346925507226,
            0.0,
            1.108199639166882
        ],
        [
            0.010827781878429862,
            0.0,
            0.8002933142539137,
            0.0,
            1.151447242025382
        ],
        [
            0.05350566850314077,
            0.0,
            0.8072899986245526,
            0.0,
            1.1946948448838826
        ],
        [
            0.09368168953592385,
            0.0,
            0.8232975884777243,
            0.0,
            1.2379424477423826
        ],
        [
            0.12947725888572692,
            0.0,
            0.8475675867030528,
            0.0,
            1.2811900506008829
        ],
        [
            0.1592186155136709,
            0.0,
            0.8789651551576871,
            0.0,
            1.3244376534593831
        ],
        [
            0.1815150866389769,
            0.0,
            0.91602217843658,
            0.0,
            1.3676852563178834
        ],
        [
            0.19532411405257338,
            0.0,
            0.9570059113171333,
            0.0,
            1.4109328591763837
        ],
        [
            0.20000000298023224,
            0.0,
            1.0,
            0.0,
            1.454180462034884
        ],
        [
            0.25,
            0.0,
            1.0,
            0.0,
            1.4875137880832063
        ],
        [
            0.23645431042515866,
            0.0,
            1.081174867301171,
            0.0,
            1.5423786427895838
        ],
        [
            0.1972851273490984,
            0.0,
            1.1535531781724169,
            0.0,
            1.5972434974959613
        ],
        [
            0.13673703953060673,
            0.0,
            1.209291619565632,
            0.0,
            1.6521083522023388
        ],
        [
            0.06137137178519981,
            0.0,
            1.2423500664848326,
            0.0,
            1.7069732069087162
        ],
        [
            -0.020644836368083067,
            0.0,
            1.2491461232516674,
            0.0,
            1.7618380616150937
        ],
        [
            -0.10042385616324231,
            0.0,
            1.2289433316637643,
            0.0,
            1.8167029163214712
        ],
        [
            -0.16932039290643522,
            0.0,
            1.183930977668283,
            0.0,
            1.8715677710278487
        ],
        [
            -0.21986843780162224,
            0.0,
            1.1189868482592684,
            0.0,
            1.9264326257342261
        ],
        [
            -0.24659032585068058,
            0.0,
            1.0411486475701834,
            0.0,
            1.9812974804406036
        ],
        [
            -0.2465903258506806,
            0.0,
            0.9588513524298166,
            0.0,
            2.036162335146981
        ],
        [
            -0.21986843780162227,
            0.0,
            0.8810131517407316,
            0.0,
            2.0910271898533583
        ],
        [
            -0.16932039290643536,
            0.0,
            0.8160690223317172,
            0.0,
            2.145892044559736
        ],
        [
            -0.10042385616324247,
            0.0,
            0.7710566683362357,
            0.0,
            2.2007568992661133
        ],
        [
            -0.020644836368083185,
            0.0,
            0.7508538767483326,
            0.0,
            2.2556217539724908
        ],
        [
            0.0613713717851997,
            0.0,
            0.7576499335151674,
            0.0,
            2.3104866086788682
        ],
        [
            0.13673703953060665,
            0.0,
